AccountID,CustomerID,AccountType,Branch,Status,OpenDate,CloseDate
ACC00001,CUST00697,Current,Indore Branch,Closed,2024-02-15,2025-04-06
ACC00002,CUST00136,Current,Indore Branch,Open,2025-03-24,
ACC00003,CUST00180,NRI,Bengaluru Branch,Closed,2021-12-20,2025-07-21
ACC00004,CUST00299,Salary,Nagpur Branch,Open,2024-04-15,
ACC00005,CUST00442,Current,Bhubaneswar Branch,Open,2024-05-16,
ACC00006,CUST00034,NRI,Chennai Branch,Open,2025-05-27,
ACC00007,CUST00161,Current,Patna Branch,Closed,2025-07-16,2025-12-13
ACC00008,CUST00624,Savings,Bhopal Branch,Open,2023-04-24,
ACC00009,CUST00297,Current,Pune Branch,Open,2024-12-25,
ACC00010,CUST00337,Savings,Patna Branch,Open,2024-08-02,
ACC00011,CUST00265,Current,Ahmedabad Branch,Open,2022-11-15,
ACC00012,CUST00351,NRI,Raipur Branch,Open,2023-12-06,
ACC00013,CUST00344,Savings,Kochi Branch,Open,2025-03-26,
ACC00014,CUST00701,Salary,Indore Branch,Open,2021-09-01,
ACC00015,CUST00536,Savings,Hyderabad Branch,Closed,2025-03-18,2025-04-25
ACC00016,CUST00394,Savings,Chandigarh Branch,Open,2025-10-06,
ACC00017,CUST00260,NRI,Raipur Branch,Open,2024-12-06,
ACC00018,CUST00487,Savings,Raipur Branch,Open,2025-06-11,
ACC00019,CUST00634,Salary,Ahmedabad Branch,Closed,2023-07-25,2024-07-29
ACC00020,CUST00458,NRI,Kochi Branch,Open,2025-06-29,
ACC00021,CUST00211,NRI,Hyderabad Branch,Open,2020-10-13,
ACC00022,CUST00040,NRI,Guwahati Branch,Open,2022-01-22,
ACC00023,CUST00746,NRI,Nagpur Branch,Open,2025-09-12,
ACC00024,CUST00580,Current,Indore Branch,Open,2025-08-06,
ACC00025,CUST00221,Current,Chandigarh Branch,Open,2024-11-05,
ACC00026,CUST00413,NRI,Bhubaneswar Branch,Open,2025-06-28,
ACC00027,CUST00211,Savings,Hyderabad Branch,Closed,2024-10-13,2025-05-29
ACC00028,CUST00761,Current,Chennai Branch,Open,2025-01-20,
ACC00029,CUST00147,NRI,Mumbai Branch,Open,2022-02-27,
ACC00030,CUST00029,NRI,Nagpur Branch,Open,2025-01-29,
ACC00031,CUST00342,Salary,Patna Branch,Open,2021-03-06,
ACC00032,CUST00338,NRI,Nagpur Branch,Open,2025-06-02,
ACC00033,CUST00122,Current,Indore Branch,Open,2025-01-31,
ACC00034,CUST00393,Savings,Mumbai Branch,Open,2020-05-13,
ACC00035,CUST00756,Salary,Bengaluru Branch,Closed,2023-10-04,2025-08-16
ACC00036,CUST00217,NRI,Lucknow Branch,Open,2025-03-19,
ACC00037,CUST00682,Salary,Bengaluru Branch,Open,2021-02-10,
ACC00038,CUST00372,Current,Delhi Branch,Open,2022-04-11,
ACC00039,CUST00392,Current,Ahmedabad Branch,Open,2025-09-11,
ACC00040,CUST00541,Salary,Jaipur Branch,Open,2023-11-21,
ACC00041,CUST00714,NRI,Patna Branch,Open,2024-04-16,
ACC00042,CUST00061,Current,Delhi Branch,Open,2025-09-10,
ACC00043,CUST00457,Savings,Jaipur Branch,Closed,2024-03-12,2025-05-04
ACC00044,CUST00064,Current,Pune Branch,Open,2021-12-08,
ACC00045,CUST00667,Savings,Kochi Branch,Open,2020-08-25,
ACC00046,CUST00193,Current,Jaipur Branch,Open,2023-12-06,
ACC00047,CUST00278,NRI,Patna Branch,Open,2025-02-18,
ACC00048,CUST00348,Current,Nagpur Branch,Open,2021-07-28,
ACC00049,CUST00574,Salary,Patna Branch,Open,2025-06-19,
ACC00050,CUST00661,Salary,Indore Branch,Open,2024-12-22,
ACC00051,CUST00766,Savings,Bengaluru Branch,Closed,2024-11-09,2025-01-16
ACC00052,CUST00351,Salary,Raipur Branch,Open,2025-07-03,
ACC00053,CUST00354,Current,Hyderabad Branch,Closed,2024-03-27,2025-06-13
ACC00054,CUST00407,Current,Nagpur Branch,Open,2024-10-22,
ACC00055,CUST00527,NRI,Chennai Branch,Open,2025-01-14,
ACC00056,CUST00566,Current,Lucknow Branch,Open,2024-02-18,
ACC00057,CUST00078,Savings,Indore Branch,Open,2023-02-24,
ACC00058,CUST00434,Current,Raipur Branch,Open,2025-11-17,
ACC00059,CUST00701,NRI,Indore Branch,Open,2025-03-30,
ACC00060,CUST00362,Current,Raipur Branch,Open,2023-11-15,
ACC00061,CUST00510,Salary,Hyderabad Branch,Open,2024-06-18,
ACC00062,CUST00204,Salary,Hyderabad Branch,Open,2024-07-13,
ACC00063,CUST00599,Current,Bengaluru Branch,Open,2023-07-17,
ACC00064,CUST00629,Current,Guwahati Branch,Open,2023-08-10,
ACC00065,CUST00054,Salary,Delhi Branch,Open,2025-08-02,
ACC00066,CUST00211,Salary,Hyderabad Branch,Closed,2024-06-12,2024-06-17
ACC00067,CUST00446,NRI,Kochi Branch,Open,2025-04-27,
ACC00068,CUST00367,Salary,Patna Branch,Open,2023-07-28,
ACC00069,CUST00587,Current,Chennai Branch,Open,2025-06-09,
ACC00070,CUST00766,NRI,Bengaluru Branch,Closed,2024-04-20,2024-09-23
ACC00071,CUST00189,NRI,Nagpur Branch,Open,2024-11-26,
ACC00072,CUST00736,Current,Delhi Branch,Open,2022-11-10,
ACC00073,CUST00615,Salary,Pune Branch,Open,2025-11-08,
ACC00074,CUST00135,Current,Chennai Branch,Open,2024-12-10,
ACC00075,CUST00114,Salary,Ahmedabad Branch,Open,2024-07-02,
ACC00076,CUST00788,Savings,Bengaluru Branch,Open,2023-05-21,
ACC00077,CUST00474,NRI,Chandigarh Branch,Closed,2023-03-29,2023-12-08
ACC00078,CUST00399,Savings,Mumbai Branch,Closed,2023-09-21,2025-04-06
ACC00079,CUST00380,Salary,Hyderabad Branch,Open,2025-03-03,
ACC00080,CUST00627,Current,Chandigarh Branch,Closed,2024-07-27,2024-09-18
ACC00081,CUST00425,Savings,Hyderabad Branch,Open,2023-11-27,
ACC00082,CUST00244,Current,Surat Branch,Closed,2023-10-20,2025-08-27
ACC00083,CUST00091,Savings,Jaipur Branch,Open,2024-11-17,
ACC00084,CUST00692,Salary,Kochi Branch,Open,2023-12-29,
ACC00085,CUST00676,Savings,Chandigarh Branch,Open,2025-06-08,
ACC00086,CUST00232,Salary,Bhopal Branch,Open,2024-04-29,
ACC00087,CUST00517,Salary,Raipur Branch,Open,2021-05-09,
ACC00088,CUST00236,Savings,Surat Branch,Open,2024-07-19,
ACC00089,CUST00390,Savings,Chennai Branch,Open,2025-11-20,
ACC00090,CUST00503,Savings,Nagpur Branch,Open,2024-12-31,
ACC00091,CUST00677,NRI,Patna Branch,Open,2025-06-24,
ACC00092,CUST00137,NRI,Guwahati Branch,Closed,2023-05-15,2025-03-28
ACC00093,CUST00117,NRI,Guwahati Branch,Open,2025-05-07,
ACC00094,CUST00370,NRI,Hyderabad Branch,Open,2021-11-29,
ACC00095,CUST00190,NRI,Chennai Branch,Open,2020-06-25,
ACC00096,CUST00634,Current,Ahmedabad Branch,Open,2025-02-27,
ACC00097,CUST00096,Savings,Hyderabad Branch,Open,2025-04-06,
ACC00098,CUST00241,Savings,Hyderabad Branch,Open,2025-09-12,
ACC00099,CUST00716,Salary,Bhubaneswar Branch,Open,2024-09-09,
ACC00100,CUST00418,Savings,Chennai Branch,Open,2024-08-09,
ACC00101,CUST00359,Current,Raipur Branch,Open,2023-10-17,
ACC00102,CUST00058,Current,Guwahati Branch,Closed,2023-10-26,2025-05-22
ACC00103,CUST00313,Savings,Patna Branch,Open,2024-06-28,
ACC00104,CUST00314,NRI,Delhi Branch,Open,2025-11-25,
ACC00105,CUST00419,NRI,Hyderabad Branch,Open,2025-02-15,
ACC00106,CUST00342,Current,Patna Branch,Closed,2022-09-23,2023-12-30
ACC00107,CUST00697,NRI,Indore Branch,Open,2023-11-24,
ACC00108,CUST00461,Savings,Nagpur Branch,Open,2025-05-07,
ACC00109,CUST00707,Current,Lucknow Branch,Open,2023-01-26,
ACC00110,CUST00024,Salary,Bhopal Branch,Open,2022-03-02,
ACC00111,CUST00272,Salary,Mumbai Branch,Open,2024-07-04,
ACC00112,CUST00425,Savings,Hyderabad Branch,Open,2022-09-18,
ACC00113,CUST00602,NRI,Jaipur Branch,Open,2023-09-02,
ACC00114,CUST00513,Salary,Chennai Branch,Open,2025-07-23,
ACC00115,CUST00048,Savings,Lucknow Branch,Open,2025-06-30,
ACC00116,CUST00660,NRI,Indore Branch,Open,2024-05-15,
ACC00117,CUST00196,Savings,Bhubaneswar Branch,Open,2024-02-19,
ACC00118,CUST00549,Salary,Bhopal Branch,Open,2025-04-09,
ACC00119,CUST00780,NRI,Kochi Branch,Closed,2025-04-07,2025-11-27
ACC00120,CUST00124,Salary,Bhubaneswar Branch,Open,2021-04-30,
ACC00121,CUST00369,NRI,Chennai Branch,Open,2020-01-07,
ACC00122,CUST00099,Salary,Jaipur Branch,Open,2022-10-13,
ACC00123,CUST00056,NRI,Pune Branch,Open,2022-09-01,
ACC00124,CUST00195,NRI,Chennai Branch,Open,2024-09-23,
ACC00125,CUST00308,NRI,Indore Branch,Open,2024-08-04,
ACC00126,CUST00180,NRI,Bengaluru Branch,Open,2022-07-24,
ACC00127,CUST00575,Current,Patna Branch,Open,2023-12-20,
ACC00128,CUST00711,Savings,Delhi Branch,Open,2022-04-06,
ACC00129,CUST00635,Savings,Kochi Branch,Open,2022-09-25,
ACC00130,CUST00671,Salary,Bhubaneswar Branch,Open,2021-11-22,
ACC00131,CUST00196,NRI,Bhubaneswar Branch,Open,2024-12-28,
ACC00132,CUST00199,Current,Bengaluru Branch,Closed,2023-03-28,2025-05-31
ACC00133,CUST00521,NRI,Indore Branch,Open,2022-08-13,
ACC00134,CUST00290,NRI,Bhopal Branch,Open,2021-07-01,
ACC00135,CUST00047,NRI,Ahmedabad Branch,Closed,2023-01-04,2025-07-21
ACC00136,CUST00093,Current,Kolkata Branch,Open,2023-08-22,
ACC00137,CUST00132,Savings,Indore Branch,Open,2025-07-06,
ACC00138,CUST00786,Savings,Chennai Branch,Open,2025-01-20,
ACC00139,CUST00611,Current,Chandigarh Branch,Open,2025-10-13,
ACC00140,CUST00754,NRI,Kolkata Branch,Open,2021-03-04,
ACC00141,CUST00622,Current,Hyderabad Branch,Open,2025-06-22,
ACC00142,CUST00542,Current,Surat Branch,Closed,2024-04-24,2025-10-10
ACC00143,CUST00127,NRI,Nagpur Branch,Open,2021-12-13,
ACC00144,CUST00346,NRI,Kolkata Branch,Open,2023-10-05,
ACC00145,CUST00292,Current,Hyderabad Branch,Open,2023-03-13,
ACC00146,CUST00507,Salary,Bengaluru Branch,Open,2024-12-08,
ACC00147,CUST00100,Savings,Pune Branch,Open,2023-06-16,
ACC00148,CUST00312,NRI,Ahmedabad Branch,Open,2024-01-12,
ACC00149,CUST00531,Salary,Bengaluru Branch,Open,2024-09-03,
ACC00150,CUST00524,Savings,Bhopal Branch,Open,2025-01-06,
ACC00151,CUST00662,NRI,Surat Branch,Open,2025-07-26,
ACC00152,CUST00740,Current,Raipur Branch,Open,2025-01-29,
ACC00153,CUST00638,Savings,Raipur Branch,Open,2024-12-15,
ACC00154,CUST00315,Savings,Surat Branch,Closed,2025-01-10,2025-10-13
ACC00155,CUST00604,Salary,Pune Branch,Open,2022-06-10,
ACC00156,CUST00568,Salary,Surat Branch,Closed,2024-02-29,2024-06-26
ACC00157,CUST00045,NRI,Bhopal Branch,Open,2025-02-27,
ACC00158,CUST00633,NRI,Delhi Branch,Open,2023-11-15,
ACC00159,CUST00271,Salary,Indore Branch,Open,2022-02-02,
ACC00160,CUST00708,NRI,Raipur Branch,Open,2025-04-08,
ACC00161,CUST00079,Salary,Hyderabad Branch,Open,2023-01-26,
ACC00162,CUST00788,Savings,Bengaluru Branch,Open,2024-12-16,
ACC00163,CUST00620,Salary,Bengaluru Branch,Open,2023-11-19,
ACC00164,CUST00696,Savings,Chandigarh Branch,Closed,2024-12-28,2025-01-29
ACC00165,CUST00229,Salary,Delhi Branch,Open,2024-02-18,
ACC00166,CUST00152,NRI,Chennai Branch,Open,2024-06-15,
ACC00167,CUST00538,Savings,Chennai Branch,Closed,2024-05-14,2025-12-10
ACC00168,CUST00547,Current,Raipur Branch,Closed,2023-12-11,2024-01-08
ACC00169,CUST00548,NRI,Ahmedabad Branch,Open,2024-03-12,
ACC00170,CUST00799,Salary,Surat Branch,Open,2024-01-16,
ACC00171,CUST00380,NRI,Hyderabad Branch,Open,2021-09-25,
ACC00172,CUST00649,Savings,Chennai Branch,Open,2025-01-02,
ACC00173,CUST00428,Current,Raipur Branch,Open,2024-10-24,
ACC00174,CUST00141,NRI,Ahmedabad Branch,Closed,2022-10-10,2024-12-15
ACC00175,CUST00744,Salary,Chandigarh Branch,Open,2024-02-17,
ACC00176,CUST00642,Current,Bengaluru Branch,Open,2024-02-05,
ACC00177,CUST00727,NRI,Bengaluru Branch,Open,2024-02-28,
ACC00178,CUST00050,Savings,Surat Branch,Open,2022-02-07,
ACC00179,CUST00017,Current,Ahmedabad Branch,Open,2021-04-16,
ACC00180,CUST00527,Current,Chennai Branch,Open,2025-01-12,
ACC00181,CUST00029,Savings,Nagpur Branch,Open,2025-03-21,
ACC00182,CUST00273,Current,Kochi Branch,Closed,2024-05-31,2025-09-20
ACC00183,CUST00338,NRI,Nagpur Branch,Open,2023-07-30,
ACC00184,CUST00009,Savings,Surat Branch,Open,2021-05-06,
ACC00185,CUST00715,Current,Kolkata Branch,Open,2024-04-20,
ACC00186,CUST00093,NRI,Kolkata Branch,Open,2024-03-07,
ACC00187,CUST00048,NRI,Lucknow Branch,Open,2022-12-08,
ACC00188,CUST00772,Salary,Delhi Branch,Open,2025-08-12,
ACC00189,CUST00080,Salary,Nagpur Branch,Open,2025-11-19,
ACC00190,CUST00687,Savings,Jaipur Branch,Open,2022-09-10,
ACC00191,CUST00148,NRI,Raipur Branch,Open,2025-04-02,
ACC00192,CUST00660,Current,Indore Branch,Open,2022-11-24,
ACC00193,CUST00503,Current,Nagpur Branch,Closed,2023-11-05,2025-11-20
ACC00194,CUST00798,Salary,Lucknow Branch,Open,2025-10-13,
ACC00195,CUST00437,Savings,Chandigarh Branch,Open,2021-12-14,
ACC00196,CUST00519,Savings,Surat Branch,Closed,2024-10-24,2025-09-03
ACC00197,CUST00525,Current,Jaipur Branch,Open,2024-06-09,
ACC00198,CUST00711,Savings,Delhi Branch,Open,2024-06-15,
ACC00199,CUST00415,Salary,Pune Branch,Open,2025-01-21,
ACC00200,CUST00506,Salary,Bhubaneswar Branch,Open,2021-11-22,
ACC00201,CUST00521,NRI,Indore Branch,Open,2022-10-15,
ACC00202,CUST00025,NRI,Kochi Branch,Closed,2025-07-14,2025-07-20
ACC00203,CUST00441,NRI,Lucknow Branch,Open,2025-09-04,
ACC00204,CUST00426,NRI,Raipur Branch,Open,2021-03-03,
ACC00205,CUST00415,Savings,Pune Branch,Open,2024-12-11,
ACC00206,CUST00459,Salary,Bengaluru Branch,Open,2020-12-23,
ACC00207,CUST00554,Salary,Chennai Branch,Open,2025-11-28,
ACC00208,CUST00451,Savings,Nagpur Branch,Open,2024-05-05,
ACC00209,CUST00677,Salary,Patna Branch,Open,2024-10-28,
ACC00210,CUST00479,Salary,Kolkata Branch,Closed,2024-11-27,2025-08-29
ACC00211,CUST00360,Salary,Bhopal Branch,Closed,2023-11-23,2024-09-10
ACC00212,CUST00151,Salary,Jaipur Branch,Open,2025-05-11,
ACC00213,CUST00044,Current,Chandigarh Branch,Open,2022-09-12,
ACC00214,CUST00617,NRI,Jaipur Branch,Closed,2021-08-11,2024-08-29
ACC00215,CUST00621,Current,Indore Branch,Open,2025-03-23,
ACC00216,CUST00631,NRI,Ahmedabad Branch,Open,2022-12-20,
ACC00217,CUST00470,Salary,Lucknow Branch,Closed,2025-05-14,2025-10-14
ACC00218,CUST00475,NRI,Kolkata Branch,Closed,2021-07-30,2024-04-03
ACC00219,CUST00335,Savings,Chennai Branch,Open,2021-02-13,
ACC00220,CUST00676,Current,Chandigarh Branch,Open,2025-09-16,
ACC00221,CUST00737,Current,Delhi Branch,Open,2023-12-04,
ACC00222,CUST00235,NRI,Guwahati Branch,Open,2024-01-11,
ACC00223,CUST00124,Salary,Bhubaneswar Branch,Closed,2020-12-21,2021-07-18
ACC00224,CUST00061,Current,Delhi Branch,Open,2024-10-13,
ACC00225,CUST00708,Current,Raipur Branch,Open,2023-09-28,
ACC00226,CUST00473,NRI,Chandigarh Branch,Open,2022-07-24,
ACC00227,CUST00679,Salary,Lucknow Branch,Open,2022-03-10,
ACC00228,CUST00519,Current,Surat Branch,Open,2025-03-27,
ACC00229,CUST00333,Salary,Nagpur Branch,Closed,2022-02-15,2024-11-06
ACC00230,CUST00154,Current,Surat Branch,Open,2021-12-23,
ACC00231,CUST00477,Salary,Jaipur Branch,Open,2020-04-13,
ACC00232,CUST00076,Salary,Raipur Branch,Open,2024-10-05,
ACC00233,CUST00161,Salary,Patna Branch,Open,2022-02-24,
ACC00234,CUST00576,Savings,Kolkata Branch,Open,2025-07-06,
ACC00235,CUST00705,Savings,Lucknow Branch,Open,2022-02-09,
ACC00236,CUST00087,Current,Pune Branch,Open,2021-02-09,
ACC00237,CUST00649,NRI,Chennai Branch,Open,2025-06-23,
ACC00238,CUST00625,NRI,Kolkata Branch,Open,2025-04-26,
ACC00239,CUST00096,Current,Hyderabad Branch,Open,2024-11-05,
ACC00240,CUST00679,Current,Lucknow Branch,Open,2024-03-29,
ACC00241,CUST00527,NRI,Chennai Branch,Open,2024-09-12,
ACC00242,CUST00355,Current,Bhubaneswar Branch,Open,2022-01-26,
ACC00243,CUST00661,NRI,Indore Branch,Open,2024-10-20,
ACC00244,CUST00020,Current,Hyderabad Branch,Open,2025-06-29,
ACC00245,CUST00594,Savings,Pune Branch,Open,2023-03-31,
ACC00246,CUST00151,Salary,Jaipur Branch,Open,2024-12-31,
ACC00247,CUST00476,Current,Hyderabad Branch,Open,2020-08-29,
ACC00248,CUST00434,Current,Raipur Branch,Open,2025-11-26,
ACC00249,CUST00724,Savings,Bhubaneswar Branch,Open,2021-02-05,
ACC00250,CUST00600,NRI,Bhubaneswar Branch,Open,2022-08-01,
ACC00251,CUST00304,NRI,Hyderabad Branch,Open,2021-11-16,
ACC00252,CUST00761,NRI,Chennai Branch,Open,2025-01-26,
ACC00253,CUST00408,Savings,Kolkata Branch,Open,2022-12-06,
ACC00254,CUST00664,Salary,Hyderabad Branch,Open,2023-08-18,
ACC00255,CUST00643,Salary,Patna Branch,Closed,2024-12-07,2025-04-07
ACC00256,CUST00720,Current,Hyderabad Branch,Open,2025-03-22,
ACC00257,CUST00360,Savings,Bhopal Branch,Open,2022-10-11,
ACC00258,CUST00160,Current,Raipur Branch,Open,2025-08-31,
ACC00259,CUST00561,Salary,Kochi Branch,Open,2021-10-25,
ACC00260,CUST00057,Savings,Ahmedabad Branch,Open,2025-02-26,
ACC00261,CUST00154,Salary,Surat Branch,Open,2024-01-13,
ACC00262,CUST00712,Savings,Delhi Branch,Open,2023-08-31,
ACC00263,CUST00399,Salary,Mumbai Branch,Open,2023-04-11,
ACC00264,CUST00301,Salary,Bhubaneswar Branch,Open,2022-04-08,
ACC00265,CUST00292,Current,Hyderabad Branch,Open,2024-10-29,
ACC00266,CUST00754,NRI,Kolkata Branch,Open,2025-04-18,
ACC00267,CUST00317,Current,Surat Branch,Open,2019-11-06,
ACC00268,CUST00390,NRI,Chennai Branch,Open,2025-06-14,
ACC00269,CUST00367,Current,Patna Branch,Open,2020-06-25,
ACC00270,CUST00738,Current,Raipur Branch,Open,2023-01-03,
ACC00271,CUST00567,Savings,Raipur Branch,Open,2025-09-09,
ACC00272,CUST00129,Current,Bengaluru Branch,Open,2021-10-20,
ACC00273,CUST00161,Savings,Patna Branch,Open,2022-12-30,
ACC00274,CUST00372,Salary,Delhi Branch,Open,2024-11-30,
ACC00275,CUST00755,Savings,Patna Branch,Open,2025-06-25,
ACC00276,CUST00507,Savings,Bengaluru Branch,Open,2023-07-22,
ACC00277,CUST00034,Savings,Chennai Branch,Open,2025-07-03,
ACC00278,CUST00675,Savings,Hyderabad Branch,Open,2019-11-09,
ACC00279,CUST00268,NRI,Bengaluru Branch,Open,2025-05-11,
ACC00280,CUST00202,Salary,Kolkata Branch,Open,2023-10-07,
ACC00281,CUST00004,Current,Lucknow Branch,Open,2025-08-05,
ACC00282,CUST00130,Savings,Delhi Branch,Open,2021-07-03,
ACC00283,CUST00568,Savings,Surat Branch,Open,2023-02-21,
ACC00284,CUST00771,Salary,Chandigarh Branch,Open,2024-06-05,
ACC00285,CUST00090,Current,Jaipur Branch,Open,2025-01-08,
ACC00286,CUST00417,Savings,Indore Branch,Open,2024-06-29,
ACC00287,CUST00506,Savings,Bhubaneswar Branch,Open,2021-12-14,
ACC00288,CUST00421,Savings,Hyderabad Branch,Open,2022-01-30,
ACC00289,CUST00704,Current,Bhubaneswar Branch,Open,2024-05-25,
ACC00290,CUST00522,Current,Guwahati Branch,Open,2019-09-26,
ACC00291,CUST00146,NRI,Kochi Branch,Open,2025-04-22,
ACC00292,CUST00121,Savings,Jaipur Branch,Open,2025-09-04,
ACC00293,CUST00795,Current,Ahmedabad Branch,Open,2025-10-21,
ACC00294,CUST00668,NRI,Patna Branch,Open,2023-12-19,
ACC00295,CUST00452,Savings,Delhi Branch,Open,2025-07-12,
ACC00296,CUST00180,Savings,Bengaluru Branch,Open,2022-04-10,
ACC00297,CUST00297,NRI,Pune Branch,Closed,2022-11-28,2023-01-18
ACC00298,CUST00626,Savings,Nagpur Branch,Open,2020-12-14,
ACC00299,CUST00200,Savings,Chennai Branch,Open,2025-03-16,
ACC00300,CUST00176,Savings,Lucknow Branch,Open,2025-02-02,
ACC00301,CUST00260,Current,Raipur Branch,Closed,2025-05-06,2025-11-05
ACC00302,CUST00273,Salary,Kochi Branch,Open,2025-02-25,
ACC00303,CUST00269,Savings,Hyderabad Branch,Open,2024-10-06,
ACC00304,CUST00142,Current,Jaipur Branch,Open,2025-11-14,
ACC00305,CUST00643,Salary,Patna Branch,Closed,2024-04-12,2024-11-10
ACC00306,CUST00588,Salary,Surat Branch,Open,2024-11-24,
ACC00307,CUST00048,Savings,Lucknow Branch,Open,2024-07-26,
ACC00308,CUST00582,Savings,Ahmedabad Branch,Open,2021-05-25,
ACC00309,CUST00624,Current,Bhopal Branch,Open,2025-01-06,
ACC00310,CUST00431,Current,Delhi Branch,Open,2020-12-03,
ACC00311,CUST00362,NRI,Raipur Branch,Open,2022-02-15,
ACC00312,CUST00218,Salary,Bhubaneswar Branch,Closed,2024-01-01,2024-10-07
ACC00313,CUST00742,Savings,Bhopal Branch,Closed,2025-01-15,2025-07-29
ACC00314,CUST00260,Salary,Raipur Branch,Open,2025-11-23,
ACC00315,CUST00490,NRI,Raipur Branch,Open,2019-09-23,
ACC00316,CUST00441,NRI,Lucknow Branch,Open,2025-03-22,
ACC00317,CUST00495,NRI,Bhopal Branch,Open,2023-06-28,
ACC00318,CUST00349,NRI,Kochi Branch,Open,2025-09-23,
ACC00319,CUST00630,Current,Patna Branch,Open,2024-12-25,
ACC00320,CUST00324,Savings,Bhopal Branch,Open,2025-06-03,
ACC00321,CUST00650,Current,Guwahati Branch,Closed,2019-07-10,2022-09-15
ACC00322,CUST00426,NRI,Raipur Branch,Open,2021-01-28,
ACC00323,CUST00687,NRI,Jaipur Branch,Open,2025-10-08,
ACC00324,CUST00715,NRI,Kolkata Branch,Open,2020-04-14,
ACC00325,CUST00190,Savings,Chennai Branch,Open,2020-12-12,
ACC00326,CUST00025,Current,Kochi Branch,Closed,2025-07-11,2025-09-18
ACC00327,CUST00725,NRI,Lucknow Branch,Open,2024-05-27,
ACC00328,CUST00349,NRI,Kochi Branch,Open,2025-03-30,
ACC00329,CUST00101,Savings,Hyderabad Branch,Open,2025-03-12,
ACC00330,CUST00791,Salary,Kolkata Branch,Open,2022-07-08,
ACC00331,CUST00176,Current,Lucknow Branch,Open,2025-07-07,
ACC00332,CUST00154,Salary,Surat Branch,Closed,2022-10-29,2023-03-15
ACC00333,CUST00100,Savings,Pune Branch,Open,2024-06-25,
ACC00334,CUST00764,Current,Jaipur Branch,Open,2025-01-06,
ACC00335,CUST00747,NRI,Chennai Branch,Open,2022-08-17,
ACC00336,CUST00507,Savings,Bengaluru Branch,Open,2021-12-18,
ACC00337,CUST00391,Current,Bhubaneswar Branch,Open,2025-04-12,
ACC00338,CUST00667,NRI,Kochi Branch,Open,2020-06-26,
ACC00339,CUST00164,Current,Hyderabad Branch,Closed,2024-05-21,2025-05-11
ACC00340,CUST00779,NRI,Hyderabad Branch,Open,2023-05-05,
ACC00341,CUST00315,Salary,Surat Branch,Open,2023-09-28,
ACC00342,CUST00729,Savings,Patna Branch,Closed,2025-04-17,2025-06-09
ACC00343,CUST00289,NRI,Pune Branch,Open,2024-01-25,
ACC00344,CUST00234,Current,Kolkata Branch,Open,2025-11-03,
ACC00345,CUST00747,NRI,Chennai Branch,Open,2023-08-01,
ACC00346,CUST00678,NRI,Bhubaneswar Branch,Open,2019-11-04,
ACC00347,CUST00615,NRI,Pune Branch,Open,2024-06-25,
ACC00348,CUST00693,Savings,Kolkata Branch,Open,2025-02-25,
ACC00349,CUST00637,Savings,Surat Branch,Closed,2025-05-21,2025-10-06
ACC00350,CUST00352,NRI,Jaipur Branch,Open,2023-06-16,
ACC00351,CUST00298,Savings,Ahmedabad Branch,Open,2024-02-21,
ACC00352,CUST00240,Salary,Hyderabad Branch,Open,2025-08-04,
ACC00353,CUST00587,Current,Chennai Branch,Closed,2024-11-07,2025-09-21
ACC00354,CUST00455,NRI,Patna Branch,Open,2023-10-03,
ACC00355,CUST00121,Salary,Jaipur Branch,Closed,2024-12-07,2025-10-25
ACC00356,CUST00094,Current,Lucknow Branch,Open,2025-09-22,
ACC00357,CUST00545,Salary,Patna Branch,Open,2023-02-25,
ACC00358,CUST00529,NRI,Delhi Branch,Open,2024-02-21,
ACC00359,CUST00610,Salary,Jaipur Branch,Open,2024-07-20,
ACC00360,CUST00296,Savings,Bhopal Branch,Open,2020-07-30,
ACC00361,CUST00166,Current,Hyderabad Branch,Open,2024-11-07,
ACC00362,CUST00114,Salary,Ahmedabad Branch,Open,2023-10-21,
ACC00363,CUST00464,Salary,Ahmedabad Branch,Open,2024-02-16,
ACC00364,CUST00523,Salary,Hyderabad Branch,Open,2024-08-14,
ACC00365,CUST00179,Savings,Chennai Branch,Open,2023-12-26,
ACC00366,CUST00554,NRI,Chennai Branch,Closed,2025-05-15,2025-06-27
ACC00367,CUST00197,NRI,Bhopal Branch,Open,2025-11-06,
ACC00368,CUST00416,Current,Pune Branch,Open,2021-12-24,
ACC00369,CUST00577,NRI,Patna Branch,Open,2023-07-14,
ACC00370,CUST00224,Current,Guwahati Branch,Open,2025-03-29,
ACC00371,CUST00547,Savings,Raipur Branch,Open,2025-01-03,
ACC00372,CUST00251,Savings,Chandigarh Branch,Open,2023-04-01,
ACC00373,CUST00344,Savings,Kochi Branch,Closed,2024-08-06,2025-11-23
ACC00374,CUST00292,NRI,Hyderabad Branch,Open,2025-06-13,
ACC00375,CUST00068,Current,Patna Branch,Open,2025-03-30,
ACC00376,CUST00543,Savings,Kochi Branch,Closed,2024-05-07,2025-02-02
ACC00377,CUST00069,Savings,Bengaluru Branch,Open,2023-11-17,
ACC00378,CUST00484,NRI,Kolkata Branch,Open,2025-09-20,
ACC00379,CUST00441,NRI,Lucknow Branch,Open,2024-03-24,
ACC00380,CUST00039,Current,Ahmedabad Branch,Closed,2023-10-22,2024-12-19
ACC00381,CUST00242,Current,Indore Branch,Open,2019-06-01,
ACC00382,CUST00090,Current,Jaipur Branch,Open,2025-08-16,
ACC00383,CUST00365,Salary,Chandigarh Branch,Open,2025-07-10,
ACC00384,CUST00622,NRI,Hyderabad Branch,Open,2023-11-04,
ACC00385,CUST00185,Current,Kolkata Branch,Open,2024-06-08,
ACC00386,CUST00751,Salary,Kochi Branch,Open,2025-05-26,
ACC00387,CUST00590,NRI,Kolkata Branch,Closed,2023-06-23,2024-12-07
ACC00388,CUST00463,Current,Bhopal Branch,Open,2025-02-18,
ACC00389,CUST00542,Salary,Surat Branch,Open,2023-02-12,
ACC00390,CUST00253,Salary,Chennai Branch,Open,2023-04-25,
ACC00391,CUST00594,Current,Pune Branch,Open,2024-09-23,
ACC00392,CUST00444,Salary,Kochi Branch,Open,2025-04-16,
ACC00393,CUST00285,Current,Bhubaneswar Branch,Open,2024-03-11,
ACC00394,CUST00587,Current,Chennai Branch,Closed,2025-03-06,2025-12-24
ACC00395,CUST00692,Salary,Kochi Branch,Open,2025-06-16,
ACC00396,CUST00314,Salary,Delhi Branch,Open,2024-06-27,
ACC00397,CUST00775,NRI,Bengaluru Branch,Open,2022-03-09,
ACC00398,CUST00376,Salary,Chennai Branch,Open,2025-10-09,
ACC00399,CUST00514,NRI,Kochi Branch,Closed,2025-10-05,2025-11-13
ACC00400,CUST00179,Savings,Chennai Branch,Open,2024-01-16,
ACC00401,CUST00368,Current,Hyderabad Branch,Open,2025-04-23,
ACC00402,CUST00574,Savings,Patna Branch,Open,2024-11-14,
ACC00403,CUST00668,Current,Patna Branch,Open,2025-05-08,
ACC00404,CUST00040,Salary,Guwahati Branch,Closed,2022-06-27,2024-12-13
ACC00405,CUST00233,Savings,Pune Branch,Open,2025-06-26,
ACC00406,CUST00584,Salary,Raipur Branch,Open,2025-03-12,
ACC00407,CUST00130,Savings,Delhi Branch,Open,2025-07-30,
ACC00408,CUST00160,NRI,Raipur Branch,Open,2025-07-15,
ACC00409,CUST00610,Current,Jaipur Branch,Open,2022-04-02,
ACC00410,CUST00779,NRI,Hyderabad Branch,Open,2023-05-17,
ACC00411,CUST00378,Salary,Delhi Branch,Open,2022-11-03,
ACC00412,CUST00384,Savings,Chandigarh Branch,Open,2024-09-20,
ACC00413,CUST00418,NRI,Chennai Branch,Closed,2024-11-03,2025-12-23
ACC00414,CUST00616,Salary,Indore Branch,Open,2024-11-27,
ACC00415,CUST00724,Savings,Bhubaneswar Branch,Closed,2025-08-18,2025-10-25
ACC00416,CUST00222,Salary,Delhi Branch,Open,2023-12-12,
ACC00417,CUST00505,NRI,Guwahati Branch,Open,2022-10-08,
ACC00418,CUST00777,Salary,Chandigarh Branch,Open,2021-09-17,
ACC00419,CUST00357,Current,Chennai Branch,Open,2024-06-13,
ACC00420,CUST00510,Current,Hyderabad Branch,Open,2023-07-30,
ACC00421,CUST00388,Current,Bengaluru Branch,Open,2024-06-04,
ACC00422,CUST00088,Savings,Surat Branch,Closed,2024-12-06,2025-05-17
ACC00423,CUST00020,Current,Hyderabad Branch,Open,2025-07-13,
ACC00424,CUST00440,Savings,Raipur Branch,Open,2025-10-05,
ACC00425,CUST00750,NRI,Kochi Branch,Open,2024-06-06,
ACC00426,CUST00538,Salary,Chennai Branch,Open,2025-07-09,
ACC00427,CUST00494,Salary,Raipur Branch,Open,2025-03-07,
ACC00428,CUST00181,NRI,Delhi Branch,Open,2024-01-18,
ACC00429,CUST00777,Current,Chandigarh Branch,Open,2021-04-13,
ACC00430,CUST00527,Salary,Chennai Branch,Open,2024-09-10,
ACC00431,CUST00377,Salary,Guwahati Branch,Open,2024-02-29,
ACC00432,CUST00133,Salary,Patna Branch,Open,2021-05-03,
ACC00433,CUST00541,Salary,Jaipur Branch,Open,2024-03-14,
ACC00434,CUST00716,Current,Bhubaneswar Branch,Open,2020-09-20,
ACC00435,CUST00247,Current,Kochi Branch,Open,2021-06-24,
ACC00436,CUST00354,NRI,Hyderabad Branch,Open,2020-11-26,
ACC00437,CUST00242,Current,Indore Branch,Open,2024-10-26,
ACC00438,CUST00468,Salary,Chennai Branch,Closed,2024-12-22,2025-04-11
ACC00439,CUST00097,Salary,Kochi Branch,Open,2025-04-10,
ACC00440,CUST00552,NRI,Pune Branch,Open,2022-12-02,
ACC00441,CUST00331,Savings,Lucknow Branch,Closed,2024-12-22,2025-01-29
ACC00442,CUST00162,Salary,Ahmedabad Branch,Open,2025-02-07,
ACC00443,CUST00797,Current,Hyderabad Branch,Open,2024-12-28,
ACC00444,CUST00677,Salary,Patna Branch,Closed,2025-06-28,2025-11-13
ACC00445,CUST00375,Savings,Patna Branch,Open,2024-11-02,
ACC00446,CUST00401,Salary,Chennai Branch,Open,2024-05-28,
ACC00447,CUST00251,Salary,Chandigarh Branch,Open,2025-04-09,
ACC00448,CUST00212,NRI,Kolkata Branch,Open,2025-01-07,
ACC00449,CUST00420,Salary,Patna Branch,Open,2023-05-22,
ACC00450,CUST00523,Current,Hyderabad Branch,Closed,2024-05-09,2025-11-16
ACC00451,CUST00782,Savings,Lucknow Branch,Open,2022-05-12,
ACC00452,CUST00170,Current,Bhubaneswar Branch,Closed,2025-09-18,2025-12-28
ACC00453,CUST00736,Savings,Delhi Branch,Closed,2022-11-21,2024-08-09
ACC00454,CUST00033,Current,Nagpur Branch,Open,2020-07-06,
ACC00455,CUST00260,Current,Raipur Branch,Open,2024-08-04,
ACC00456,CUST00623,NRI,Kolkata Branch,Closed,2024-10-11,2025-09-24
ACC00457,CUST00530,Current,Surat Branch,Open,2025-04-19,
ACC00458,CUST00658,NRI,Patna Branch,Open,2025-06-12,
ACC00459,CUST00084,Savings,Indore Branch,Open,2025-05-26,
ACC00460,CUST00521,Current,Indore Branch,Open,2024-06-16,
ACC00461,CUST00716,Salary,Bhubaneswar Branch,Open,2023-09-25,
ACC00462,CUST00699,Savings,Bhopal Branch,Open,2024-05-07,
ACC00463,CUST00455,Salary,Patna Branch,Open,2024-08-28,
ACC00464,CUST00585,Current,Lucknow Branch,Open,2024-01-25,
ACC00465,CUST00638,NRI,Raipur Branch,Closed,2025-08-08,2025-12-25
ACC00466,CUST00616,NRI,Indore Branch,Open,2023-11-18,
ACC00467,CUST00169,Savings,Indore Branch,Open,2020-10-23,
ACC00468,CUST00284,Savings,Pune Branch,Open,2024-05-21,
ACC00469,CUST00637,Savings,Surat Branch,Open,2024-12-08,
ACC00470,CUST00662,Savings,Surat Branch,Open,2022-10-31,
ACC00471,CUST00613,Savings,Kochi Branch,Open,2022-11-20,
ACC00472,CUST00749,Savings,Raipur Branch,Open,2023-07-29,
ACC00473,CUST00640,Salary,Indore Branch,Open,2023-08-23,
ACC00474,CUST00146,Salary,Kochi Branch,Open,2025-01-21,
ACC00475,CUST00066,NRI,Kolkata Branch,Open,2023-02-20,
ACC00476,CUST00142,Savings,Jaipur Branch,Open,2025-02-02,
ACC00477,CUST00151,Current,Jaipur Branch,Open,2024-12-31,
ACC00478,CUST00275,NRI,Surat Branch,Open,2022-11-20,
ACC00479,CUST00733,Salary,Patna Branch,Open,2024-09-07,
ACC00480,CUST00191,Current,Bhopal Branch,Closed,2024-12-27,2025-02-21
ACC00481,CUST00637,Salary,Surat Branch,Open,2025-02-05,
ACC00482,CUST00692,Savings,Kochi Branch,Closed,2020-09-28,2025-08-23
ACC00483,CUST00745,Current,Mumbai Branch,Open,2024-08-15,
ACC00484,CUST00390,Savings,Chennai Branch,Open,2025-01-25,
ACC00485,CUST00108,NRI,Lucknow Branch,Open,2023-08-29,
ACC00486,CUST00315,Savings,Surat Branch,Open,2024-07-30,
ACC00487,CUST00211,Salary,Hyderabad Branch,Open,2021-11-10,
ACC00488,CUST00196,Current,Bhubaneswar Branch,Open,2025-02-18,
ACC00489,CUST00234,Current,Kolkata Branch,Open,2024-11-22,
ACC00490,CUST00050,Salary,Surat Branch,Open,2021-05-19,
ACC00491,CUST00637,Current,Surat Branch,Open,2024-12-06,
ACC00492,CUST00502,Savings,Delhi Branch,Open,2020-06-20,
ACC00493,CUST00764,NRI,Jaipur Branch,Closed,2024-08-18,2025-03-13
ACC00494,CUST00742,Savings,Bhopal Branch,Open,2023-05-27,
ACC00495,CUST00372,Savings,Delhi Branch,Open,2019-11-01,
ACC00496,CUST00283,Current,Raipur Branch,Open,2021-07-10,
ACC00497,CUST00247,NRI,Kochi Branch,Open,2021-01-09,
ACC00498,CUST00779,Salary,Hyderabad Branch,Closed,2021-05-25,2023-01-21
ACC00499,CUST00581,Current,Kolkata Branch,Open,2022-07-29,
ACC00500,CUST00193,Savings,Jaipur Branch,Open,2025-02-18,
ACC00501,CUST00051,Salary,Patna Branch,Closed,2023-12-01,2025-12-28
ACC00502,CUST00175,Salary,Lucknow Branch,Open,2024-12-10,
ACC00503,CUST00080,Salary,Nagpur Branch,Open,2025-10-16,
ACC00504,CUST00432,Current,Pune Branch,Open,2022-05-08,
ACC00505,CUST00462,Salary,Jaipur Branch,Open,2023-11-04,
ACC00506,CUST00555,NRI,Lucknow Branch,Open,2022-12-25,
ACC00507,CUST00008,Salary,Delhi Branch,Open,2025-09-19,
ACC00508,CUST00114,Current,Ahmedabad Branch,Open,2024-12-19,
ACC00509,CUST00129,NRI,Bengaluru Branch,Open,2023-10-11,
ACC00510,CUST00077,Salary,Surat Branch,Open,2025-10-07,
ACC00511,CUST00292,Salary,Hyderabad Branch,Open,2025-01-01,
ACC00512,CUST00342,NRI,Patna Branch,Closed,2022-03-12,2025-09-05
ACC00513,CUST00222,Salary,Delhi Branch,Open,2025-07-24,
ACC00514,CUST00663,Savings,Jaipur Branch,Open,2022-12-17,
ACC00515,CUST00519,Savings,Surat Branch,Open,2025-04-05,
ACC00516,CUST00333,Current,Nagpur Branch,Open,2022-07-06,
ACC00517,CUST00793,Current,Chennai Branch,Closed,2025-10-14,2025-12-17
ACC00518,CUST00749,Savings,Raipur Branch,Open,2023-07-26,
ACC00519,CUST00350,Savings,Surat Branch,Open,2025-08-26,
ACC00520,CUST00645,Savings,Guwahati Branch,Open,2023-05-28,
ACC00521,CUST00592,NRI,Bhubaneswar Branch,Open,2022-03-17,
ACC00522,CUST00408,Current,Kolkata Branch,Open,2025-08-07,
ACC00523,CUST00479,Salary,Kolkata Branch,Closed,2025-01-31,2025-07-21
ACC00524,CUST00226,NRI,Ahmedabad Branch,Open,2025-07-31,
ACC00525,CUST00025,Current,Kochi Branch,Open,2025-01-02,
ACC00526,CUST00704,Current,Bhubaneswar Branch,Open,2025-10-24,
ACC00527,CUST00490,Salary,Raipur Branch,Closed,2022-11-22,2022-11-30
ACC00528,CUST00269,Savings,Hyderabad Branch,Open,2023-06-12,
ACC00529,CUST00787,Savings,Patna Branch,Open,2025-04-19,
ACC00530,CUST00720,Current,Hyderabad Branch,Open,2025-04-25,
ACC00531,CUST00164,Current,Hyderabad Branch,Open,2025-09-09,
ACC00532,CUST00239,Current,Hyderabad Branch,Open,2024-07-05,
ACC00533,CUST00602,Current,Jaipur Branch,Open,2021-08-04,
ACC00534,CUST00098,NRI,Mumbai Branch,Open,2024-07-26,
ACC00535,CUST00701,Savings,Indore Branch,Closed,2024-07-07,2025-12-18
ACC00536,CUST00338,NRI,Nagpur Branch,Open,2025-03-02,
ACC00537,CUST00096,Salary,Hyderabad Branch,Open,2023-08-15,
ACC00538,CUST00098,Savings,Mumbai Branch,Open,2025-09-27,
ACC00539,CUST00443,Salary,Ahmedabad Branch,Open,2025-08-26,
ACC00540,CUST00536,NRI,Hyderabad Branch,Open,2021-05-14,
ACC00541,CUST00551,Savings,Bhopal Branch,Closed,2023-06-28,2024-04-27
ACC00542,CUST00274,Salary,Bhopal Branch,Closed,2024-06-18,2024-07-18
ACC00543,CUST00059,Salary,Jaipur Branch,Open,2024-09-07,
ACC00544,CUST00669,Salary,Kochi Branch,Open,2024-03-25,
ACC00545,CUST00067,Current,Bhopal Branch,Open,2023-07-09,
ACC00546,CUST00360,NRI,Bhopal Branch,Open,2023-03-28,
ACC00547,CUST00740,Savings,Raipur Branch,Open,2024-10-08,
ACC00548,CUST00073,NRI,Ahmedabad Branch,Open,2024-03-16,
ACC00549,CUST00778,Current,Ahmedabad Branch,Closed,2025-03-09,2025-07-15
ACC00550,CUST00236,Salary,Surat Branch,Open,2024-06-24,
ACC00551,CUST00114,Salary,Ahmedabad Branch,Open,2025-02-10,
ACC00552,CUST00058,NRI,Guwahati Branch,Open,2022-11-10,
ACC00553,CUST00631,Savings,Ahmedabad Branch,Closed,2024-05-27,2025-05-22
ACC00554,CUST00128,Current,Bhubaneswar Branch,Open,2024-06-29,
ACC00555,CUST00148,Current,Raipur Branch,Open,2023-02-13,
ACC00556,CUST00555,Salary,Lucknow Branch,Open,2024-05-01,
ACC00557,CUST00045,Current,Bhopal Branch,Open,2023-12-29,
ACC00558,CUST00278,Savings,Patna Branch,Open,2025-10-11,
ACC00559,CUST00736,NRI,Delhi Branch,Open,2021-12-24,
ACC00560,CUST00693,Savings,Kolkata Branch,Open,2025-08-14,
ACC00561,CUST00627,NRI,Chandigarh Branch,Open,2024-05-09,
ACC00562,CUST00189,Current,Nagpur Branch,Open,2021-03-05,
ACC00563,CUST00705,NRI,Lucknow Branch,Open,2024-07-31,
ACC00564,CUST00760,Savings,Surat Branch,Open,2022-07-02,
ACC00565,CUST00177,Current,Bhopal Branch,Open,2022-02-23,
ACC00566,CUST00520,Savings,Surat Branch,Open,2023-11-04,
ACC00567,CUST00055,Current,Chandigarh Branch,Closed,2025-05-21,2025-09-17
ACC00568,CUST00566,Salary,Lucknow Branch,Open,2024-01-29,
ACC00569,CUST00642,NRI,Bengaluru Branch,Closed,2024-06-10,2025-09-06
ACC00570,CUST00454,Savings,Indore Branch,Open,2023-05-22,
ACC00571,CUST00604,Salary,Pune Branch,Closed,2025-08-24,2025-09-11
ACC00572,CUST00644,Current,Ahmedabad Branch,Closed,2024-11-29,2025-11-26
ACC00573,CUST00220,NRI,Indore Branch,Open,2024-12-16,
ACC00574,CUST00160,Current,Raipur Branch,Closed,2025-08-20,2025-10-08
ACC00575,CUST00716,NRI,Bhubaneswar Branch,Open,2025-08-08,
ACC00576,CUST00324,Current,Bhopal Branch,Open,2024-03-24,
ACC00577,CUST00408,Salary,Kolkata Branch,Open,2024-07-14,
ACC00578,CUST00236,Salary,Surat Branch,Open,2024-08-19,
ACC00579,CUST00158,Savings,Patna Branch,Closed,2019-09-30,2023-06-23
ACC00580,CUST00719,NRI,Lucknow Branch,Open,2025-01-13,
ACC00581,CUST00762,Savings,Surat Branch,Open,2025-09-09,
ACC00582,CUST00736,NRI,Delhi Branch,Open,2022-11-08,
ACC00583,CUST00356,Savings,Bhopal Branch,Open,2024-07-24,
ACC00584,CUST00781,Savings,Raipur Branch,Open,2025-07-09,
ACC00585,CUST00211,Savings,Hyderabad Branch,Closed,2021-10-08,2023-07-07
ACC00586,CUST00279,Current,Chennai Branch,Open,2025-01-18,
ACC00587,CUST00274,Savings,Bhopal Branch,Closed,2025-02-20,2025-04-11
ACC00588,CUST00298,NRI,Ahmedabad Branch,Closed,2021-11-17,2025-04-26
ACC00589,CUST00270,Salary,Delhi Branch,Open,2021-11-24,
ACC00590,CUST00481,NRI,Chennai Branch,Closed,2023-12-15,2025-08-03
ACC00591,CUST00184,NRI,Bengaluru Branch,Open,2025-05-28,
ACC00592,CUST00778,NRI,Ahmedabad Branch,Open,2025-08-15,
ACC00593,CUST00602,Savings,Jaipur Branch,Open,2025-08-03,
ACC00594,CUST00128,Salary,Bhubaneswar Branch,Open,2025-11-18,
ACC00595,CUST00554,Current,Chennai Branch,Open,2025-02-27,
ACC00596,CUST00514,Savings,Kochi Branch,Closed,2023-07-18,2024-04-03
ACC00597,CUST00133,NRI,Patna Branch,Open,2020-07-30,
ACC00598,CUST00184,Savings,Bengaluru Branch,Open,2022-10-18,
ACC00599,CUST00252,Savings,Bengaluru Branch,Open,2024-01-27,
ACC00600,CUST00182,Savings,Surat Branch,Open,2024-03-17,
ACC00601,CUST00620,NRI,Bengaluru Branch,Open,2023-04-03,
ACC00602,CUST00012,Salary,Ahmedabad Branch,Open,2021-05-04,
ACC00603,CUST00619,Savings,Nagpur Branch,Open,2024-05-28,
ACC00604,CUST00034,Salary,Chennai Branch,Open,2024-02-04,
ACC00605,CUST00109,NRI,Jaipur Branch,Open,2024-03-12,
ACC00606,CUST00407,Salary,Nagpur Branch,Open,2025-10-05,
ACC00607,CUST00079,NRI,Hyderabad Branch,Closed,2023-08-01,2024-09-01
ACC00608,CUST00341,NRI,Hyderabad Branch,Open,2024-12-29,
ACC00609,CUST00305,NRI,Bengaluru Branch,Open,2024-07-30,
ACC00610,CUST00349,NRI,Kochi Branch,Open,2025-05-26,
ACC00611,CUST00427,Salary,Kochi Branch,Open,2025-06-06,
ACC00612,CUST00476,NRI,Hyderabad Branch,Open,2021-07-28,
ACC00613,CUST00646,Savings,Surat Branch,Open,2022-04-16,
ACC00614,CUST00331,NRI,Lucknow Branch,Open,2023-01-09,
ACC00615,CUST00716,Current,Bhubaneswar Branch,Open,2019-10-02,
ACC00616,CUST00012,NRI,Ahmedabad Branch,Open,2021-12-16,
ACC00617,CUST00115,Savings,Ahmedabad Branch,Open,2024-01-16,
ACC00618,CUST00455,Savings,Patna Branch,Open,2025-03-12,
ACC00619,CUST00417,Current,Indore Branch,Open,2023-06-03,
ACC00620,CUST00135,NRI,Chennai Branch,Open,2025-06-25,
ACC00621,CUST00510,Salary,Hyderabad Branch,Open,2022-01-06,
ACC00622,CUST00670,Savings,Nagpur Branch,Open,2025-02-07,
ACC00623,CUST00190,NRI,Chennai Branch,Open,2025-02-18,
ACC00624,CUST00429,NRI,Ahmedabad Branch,Closed,2023-12-06,2024-09-02
ACC00625,CUST00235,Salary,Guwahati Branch,Open,2021-04-02,
ACC00626,CUST00236,Savings,Surat Branch,Open,2025-04-05,
ACC00627,CUST00765,Current,Surat Branch,Closed,2023-11-02,2025-02-23
ACC00628,CUST00413,NRI,Bhubaneswar Branch,Open,2025-05-29,
ACC00629,CUST00044,Salary,Chandigarh Branch,Open,2025-01-18,
ACC00630,CUST00549,Current,Bhopal Branch,Open,2022-05-02,
ACC00631,CUST00008,Savings,Delhi Branch,Open,2024-12-16,
ACC00632,CUST00507,Savings,Bengaluru Branch,Open,2020-12-17,
ACC00633,CUST00671,Savings,Bhubaneswar Branch,Closed,2025-03-16,2025-04-07
ACC00634,CUST00676,NRI,Chandigarh Branch,Closed,2024-10-12,2024-10-20
ACC00635,CUST00757,NRI,Delhi Branch,Open,2023-08-17,
ACC00636,CUST00318,Current,Guwahati Branch,Open,2022-12-17,
ACC00637,CUST00004,Savings,Lucknow Branch,Open,2023-07-30,
ACC00638,CUST00365,Salary,Chandigarh Branch,Closed,2024-06-20,2025-05-15
ACC00639,CUST00336,Salary,Chennai Branch,Open,2025-06-08,
ACC00640,CUST00089,Salary,Raipur Branch,Open,2025-02-20,
ACC00641,CUST00500,Current,Delhi Branch,Open,2023-10-14,
ACC00642,CUST00740,NRI,Raipur Branch,Open,2025-11-30,
ACC00643,CUST00308,Salary,Indore Branch,Open,2022-12-19,
ACC00644,CUST00057,Savings,Ahmedabad Branch,Open,2024-10-05,
ACC00645,CUST00494,Salary,Raipur Branch,Open,2023-06-25,
ACC00646,CUST00298,Savings,Ahmedabad Branch,Open,2021-11-22,
ACC00647,CUST00347,Salary,Hyderabad Branch,Open,2025-07-03,
ACC00648,CUST00760,Salary,Surat Branch,Closed,2024-04-18,2024-10-16
ACC00649,CUST00760,NRI,Surat Branch,Open,2022-08-31,
ACC00650,CUST00026,Current,Nagpur Branch,Open,2024-09-25,
ACC00651,CUST00473,NRI,Chandigarh Branch,Open,2023-05-22,
ACC00652,CUST00136,Savings,Indore Branch,Open,2024-10-17,
ACC00653,CUST00497,Salary,Bhopal Branch,Open,2023-09-04,
ACC00654,CUST00233,Current,Pune Branch,Open,2025-06-11,
ACC00655,CUST00456,Current,Surat Branch,Open,2024-12-25,
ACC00656,CUST00636,NRI,Jaipur Branch,Open,2025-07-06,
ACC00657,CUST00182,Savings,Surat Branch,Closed,2023-02-20,2024-08-10
ACC00658,CUST00588,Salary,Surat Branch,Open,2024-09-25,
ACC00659,CUST00363,Savings,Bhubaneswar Branch,Open,2024-12-06,
ACC00660,CUST00005,Salary,Indore Branch,Open,2025-10-10,
ACC00661,CUST00562,Current,Nagpur Branch,Open,2025-07-16,
ACC00662,CUST00491,Salary,Pune Branch,Open,2025-10-03,
ACC00663,CUST00029,Salary,Nagpur Branch,Open,2025-06-20,
ACC00664,CUST00098,Current,Mumbai Branch,Open,2024-05-29,
ACC00665,CUST00041,Current,Lucknow Branch,Open,2021-10-02,
ACC00666,CUST00482,Current,Chennai Branch,Open,2021-09-27,
ACC00667,CUST00357,Current,Chennai Branch,Closed,2024-10-03,2024-10-31
ACC00668,CUST00326,Current,Kolkata Branch,Open,2024-02-14,
ACC00669,CUST00113,Salary,Nagpur Branch,Open,2022-10-24,
ACC00670,CUST00758,Savings,Chennai Branch,Open,2023-11-24,
ACC00671,CUST00786,Savings,Chennai Branch,Open,2025-09-22,
ACC00672,CUST00237,NRI,Mumbai Branch,Open,2022-04-07,
ACC00673,CUST00579,Savings,Chennai Branch,Open,2023-09-15,
ACC00674,CUST00392,Salary,Ahmedabad Branch,Open,2024-06-12,
ACC00675,CUST00410,NRI,Ahmedabad Branch,Open,2022-09-15,
ACC00676,CUST00603,Salary,Nagpur Branch,Closed,2025-10-26,2025-11-16
ACC00677,CUST00105,Salary,Raipur Branch,Open,2024-01-13,
ACC00678,CUST00026,Current,Nagpur Branch,Open,2024-10-05,
ACC00679,CUST00637,NRI,Surat Branch,Open,2025-09-17,
ACC00680,CUST00293,Savings,Bengaluru Branch,Open,2025-04-03,
ACC00681,CUST00205,NRI,Chandigarh Branch,Open,2023-03-15,
ACC00682,CUST00596,Current,Chennai Branch,Closed,2023-01-20,2023-07-26
ACC00683,CUST00669,Savings,Kochi Branch,Open,2024-08-05,
ACC00684,CUST00596,NRI,Chennai Branch,Open,2021-12-05,
ACC00685,CUST00448,Savings,Kochi Branch,Open,2024-12-14,
ACC00686,CUST00596,Current,Chennai Branch,Open,2024-11-18,
ACC00687,CUST00161,Savings,Patna Branch,Open,2023-08-14,
ACC00688,CUST00113,Salary,Nagpur Branch,Open,2023-11-23,
ACC00689,CUST00408,Salary,Kolkata Branch,Open,2025-08-17,
ACC00690,CUST00474,NRI,Chandigarh Branch,Open,2023-12-06,
ACC00691,CUST00061,Salary,Delhi Branch,Closed,2025-02-04,2025-11-17
ACC00692,CUST00582,NRI,Ahmedabad Branch,Open,2023-05-10,
ACC00693,CUST00441,NRI,Lucknow Branch,Open,2024-11-27,
ACC00694,CUST00550,Salary,Nagpur Branch,Open,2024-10-20,
ACC00695,CUST00403,NRI,Ahmedabad Branch,Open,2023-07-02,
ACC00696,CUST00382,Current,Bhubaneswar Branch,Open,2021-05-18,
ACC00697,CUST00146,Current,Kochi Branch,Open,2024-04-20,
ACC00698,CUST00748,Salary,Guwahati Branch,Open,2020-01-12,
ACC00699,CUST00715,NRI,Kolkata Branch,Open,2023-10-20,
ACC00700,CUST00783,Current,Delhi Branch,Closed,2022-07-27,2023-03-18
ACC00701,CUST00365,Current,Chandigarh Branch,Open,2024-05-13,
ACC00702,CUST00259,Savings,Bengaluru Branch,Open,2024-07-08,
ACC00703,CUST00047,NRI,Ahmedabad Branch,Open,2022-04-15,
ACC00704,CUST00520,Salary,Surat Branch,Open,2021-03-18,
ACC00705,CUST00488,Salary,Surat Branch,Open,2025-05-19,
ACC00706,CUST00723,Savings,Mumbai Branch,Open,2024-02-21,
ACC00707,CUST00527,Current,Chennai Branch,Open,2025-03-04,
ACC00708,CUST00524,Salary,Bhopal Branch,Open,2024-10-28,
ACC00709,CUST00462,Savings,Jaipur Branch,Open,2020-12-21,
ACC00710,CUST00738,Salary,Raipur Branch,Open,2021-11-04,
ACC00711,CUST00629,Salary,Guwahati Branch,Open,2025-07-10,
ACC00712,CUST00203,Salary,Bhubaneswar Branch,Open,2020-09-20,
ACC00713,CUST00418,NRI,Chennai Branch,Open,2022-10-12,
ACC00714,CUST00442,Current,Bhubaneswar Branch,Open,2025-01-19,
ACC00715,CUST00693,Current,Kolkata Branch,Open,2024-09-29,
ACC00716,CUST00191,Salary,Bhopal Branch,Closed,2025-07-05,2025-07-12
ACC00717,CUST00212,NRI,Kolkata Branch,Open,2024-01-04,
ACC00718,CUST00363,NRI,Bhubaneswar Branch,Open,2024-10-13,
ACC00719,CUST00614,NRI,Chandigarh Branch,Closed,2023-07-04,2023-12-15
ACC00720,CUST00538,NRI,Chennai Branch,Open,2025-10-22,
ACC00721,CUST00536,Current,Hyderabad Branch,Open,2023-10-06,
ACC00722,CUST00651,Salary,Hyderabad Branch,Closed,2025-03-16,2025-03-21
ACC00723,CUST00339,NRI,Ahmedabad Branch,Open,2025-05-17,
ACC00724,CUST00098,Savings,Mumbai Branch,Open,2024-12-05,
ACC00725,CUST00303,Salary,Guwahati Branch,Open,2023-06-04,
ACC00726,CUST00469,Salary,Jaipur Branch,Open,2023-08-23,
ACC00727,CUST00228,Salary,Chennai Branch,Open,2025-05-29,
ACC00728,CUST00584,NRI,Raipur Branch,Open,2025-11-24,
ACC00729,CUST00194,NRI,Jaipur Branch,Open,2025-06-08,
ACC00730,CUST00227,Salary,Hyderabad Branch,Open,2023-08-12,
ACC00731,CUST00604,NRI,Pune Branch,Open,2024-10-06,
ACC00732,CUST00522,Current,Guwahati Branch,Open,2023-05-18,
ACC00733,CUST00424,Current,Indore Branch,Closed,2024-09-23,2025-10-08
ACC00734,CUST00265,Salary,Ahmedabad Branch,Open,2022-06-16,
ACC00735,CUST00288,Savings,Bhubaneswar Branch,Closed,2023-09-15,2024-04-23
ACC00736,CUST00370,NRI,Hyderabad Branch,Open,2024-05-04,
ACC00737,CUST00559,Savings,Kochi Branch,Open,2022-09-04,
ACC00738,CUST00146,NRI,Kochi Branch,Closed,2024-11-10,2025-07-13
ACC00739,CUST00685,Savings,Chennai Branch,Open,2022-11-18,
ACC00740,CUST00160,Savings,Raipur Branch,Open,2025-04-12,
ACC00741,CUST00249,Current,Jaipur Branch,Open,2024-06-29,
ACC00742,CUST00535,NRI,Surat Branch,Open,2022-03-20,
ACC00743,CUST00793,Current,Chennai Branch,Open,2025-09-17,
ACC00744,CUST00114,NRI,Ahmedabad Branch,Open,2024-09-12,
ACC00745,CUST00369,Current,Chennai Branch,Open,2022-02-14,
ACC00746,CUST00398,Current,Bhubaneswar Branch,Open,2024-01-24,
ACC00747,CUST00453,Salary,Bhubaneswar Branch,Open,2020-09-15,
ACC00748,CUST00247,Salary,Kochi Branch,Closed,2022-08-28,2024-09-16
ACC00749,CUST00549,NRI,Bhopal Branch,Closed,2021-11-30,2025-02-11
ACC00750,CUST00006,Salary,Chandigarh Branch,Closed,2023-02-14,2023-06-17
ACC00751,CUST00270,Current,Delhi Branch,Open,2023-05-03,
ACC00752,CUST00558,Current,Jaipur Branch,Closed,2020-09-29,2023-12-01
ACC00753,CUST00385,NRI,Lucknow Branch,Open,2024-10-16,
ACC00754,CUST00438,NRI,Guwahati Branch,Open,2025-07-10,
ACC00755,CUST00628,Salary,Hyderabad Branch,Open,2025-02-17,
ACC00756,CUST00505,NRI,Guwahati Branch,Closed,2024-04-15,2025-03-07
ACC00757,CUST00344,Savings,Kochi Branch,Open,2024-07-01,
ACC00758,CUST00652,Salary,Bhopal Branch,Open,2019-11-01,
ACC00759,CUST00281,Current,Indore Branch,Open,2023-08-30,
ACC00760,CUST00067,Savings,Bhopal Branch,Open,2021-07-28,
ACC00761,CUST00319,Current,Indore Branch,Open,2025-02-04,
ACC00762,CUST00765,NRI,Surat Branch,Open,2025-05-21,
ACC00763,CUST00295,NRI,Delhi Branch,Open,2022-01-17,
ACC00764,CUST00510,NRI,Hyderabad Branch,Closed,2024-01-24,2025-07-01
ACC00765,CUST00519,NRI,Surat Branch,Open,2025-07-29,
ACC00766,CUST00524,Current,Bhopal Branch,Open,2025-04-13,
ACC00767,CUST00400,Salary,Indore Branch,Open,2021-05-07,
ACC00768,CUST00048,NRI,Lucknow Branch,Open,2022-01-07,
ACC00769,CUST00303,Current,Guwahati Branch,Open,2024-02-05,
ACC00770,CUST00227,NRI,Hyderabad Branch,Open,2023-10-14,
ACC00771,CUST00642,Current,Bengaluru Branch,Open,2025-07-29,
ACC00772,CUST00506,NRI,Bhubaneswar Branch,Open,2022-06-12,
ACC00773,CUST00331,Salary,Lucknow Branch,Open,2025-04-17,
ACC00774,CUST00712,Salary,Delhi Branch,Open,2024-04-23,
ACC00775,CUST00133,Savings,Patna Branch,Open,2021-04-11,
ACC00776,CUST00708,Salary,Raipur Branch,Open,2025-02-15,
ACC00777,CUST00691,NRI,Jaipur Branch,Open,2024-09-30,
ACC00778,CUST00044,Salary,Chandigarh Branch,Open,2023-05-01,
ACC00779,CUST00628,NRI,Hyderabad Branch,Open,2022-11-04,
ACC00780,CUST00001,Savings,Mumbai Branch,Open,2020-07-04,
ACC00781,CUST00251,Savings,Chandigarh Branch,Open,2024-11-18,
ACC00782,CUST00064,Savings,Pune Branch,Open,2024-07-01,
ACC00783,CUST00422,Current,Kochi Branch,Open,2021-07-31,
ACC00784,CUST00158,Savings,Patna Branch,Open,2021-12-17,
ACC00785,CUST00127,Current,Nagpur Branch,Open,2020-06-29,
ACC00786,CUST00695,Current,Guwahati Branch,Open,2024-01-27,
ACC00787,CUST00649,Salary,Chennai Branch,Open,2024-11-30,
ACC00788,CUST00557,NRI,Ahmedabad Branch,Open,2025-06-04,
ACC00789,CUST00122,NRI,Indore Branch,Closed,2021-12-12,2023-06-06
ACC00790,CUST00447,Savings,Delhi Branch,Open,2022-10-27,
ACC00791,CUST00066,Current,Kolkata Branch,Open,2024-11-23,
ACC00792,CUST00027,NRI,Surat Branch,Open,2024-11-10,
ACC00793,CUST00456,NRI,Surat Branch,Open,2023-02-01,
ACC00794,CUST00666,Salary,Bhubaneswar Branch,Open,2024-11-16,
ACC00795,CUST00392,Savings,Ahmedabad Branch,Open,2024-07-09,
ACC00796,CUST00506,Current,Bhubaneswar Branch,Open,2022-11-13,
ACC00797,CUST00237,NRI,Mumbai Branch,Open,2023-05-17,
ACC00798,CUST00576,Savings,Kolkata Branch,Open,2021-05-29,
ACC00799,CUST00609,Savings,Indore Branch,Open,2024-03-09,
ACC00800,CUST00040,Current,Guwahati Branch,Open,2022-09-17,
ACC00801,CUST00668,Salary,Patna Branch,Open,2025-04-03,
ACC00802,CUST00023,Current,Delhi Branch,Closed,2025-01-30,2025-11-12
ACC00803,CUST00415,Savings,Pune Branch,Open,2025-03-16,
ACC00804,CUST00731,Savings,Bhopal Branch,Open,2024-10-01,
ACC00805,CUST00160,Salary,Raipur Branch,Open,2025-05-05,
ACC00806,CUST00687,Savings,Jaipur Branch,Open,2024-06-10,
ACC00807,CUST00664,Current,Hyderabad Branch,Closed,2023-03-20,2023-10-24
ACC00808,CUST00186,Current,Delhi Branch,Closed,2024-01-20,2024-09-16
ACC00809,CUST00356,Salary,Bhopal Branch,Open,2023-07-01,
ACC00810,CUST00049,Salary,Chandigarh Branch,Open,2024-03-02,
ACC00811,CUST00038,NRI,Bhopal Branch,Open,2025-08-21,
ACC00812,CUST00012,Savings,Ahmedabad Branch,Open,2021-07-06,
ACC00813,CUST00262,NRI,Lucknow Branch,Closed,2025-09-12,2025-09-12
ACC00814,CUST00288,Current,Bhubaneswar Branch,Open,2020-01-04,
ACC00815,CUST00151,Savings,Jaipur Branch,Open,2024-11-12,
ACC00816,CUST00760,NRI,Surat Branch,Open,2025-06-19,
ACC00817,CUST00414,Salary,Delhi Branch,Open,2024-03-08,
ACC00818,CUST00762,Savings,Surat Branch,Closed,2021-12-13,2022-11-05
ACC00819,CUST00207,Current,Guwahati Branch,Open,2022-09-15,
ACC00820,CUST00793,Savings,Chennai Branch,Open,2024-07-08,
ACC00821,CUST00432,Current,Pune Branch,Open,2023-09-14,
ACC00822,CUST00206,Salary,Bengaluru Branch,Open,2025-11-07,
ACC00823,CUST00300,NRI,Raipur Branch,Open,2024-06-23,
ACC00824,CUST00744,Savings,Chandigarh Branch,Open,2023-08-16,
ACC00825,CUST00417,Salary,Indore Branch,Open,2024-08-21,
ACC00826,CUST00667,Salary,Kochi Branch,Open,2023-09-24,
ACC00827,CUST00746,NRI,Nagpur Branch,Closed,2025-11-06,2025-12-21
ACC00828,CUST00284,Salary,Pune Branch,Open,2024-03-08,
ACC00829,CUST00408,NRI,Kolkata Branch,Open,2024-03-04,
ACC00830,CUST00723,Current,Mumbai Branch,Open,2020-11-05,
ACC00831,CUST00070,Salary,Chandigarh Branch,Open,2024-12-01,
ACC00832,CUST00122,Salary,Indore Branch,Open,2024-07-26,
ACC00833,CUST00285,Current,Bhubaneswar Branch,Closed,2023-06-08,2023-07-09
ACC00834,CUST00520,Current,Surat Branch,Open,2023-06-20,
ACC00835,CUST00225,Salary,Kolkata Branch,Open,2025-03-06,
ACC00836,CUST00598,NRI,Indore Branch,Open,2022-05-27,
ACC00837,CUST00708,NRI,Raipur Branch,Open,2023-08-30,
ACC00838,CUST00044,Savings,Chandigarh Branch,Open,2020-01-05,
ACC00839,CUST00771,Salary,Chandigarh Branch,Open,2023-02-24,
ACC00840,CUST00017,Current,Ahmedabad Branch,Open,2020-08-09,
ACC00841,CUST00075,Savings,Kochi Branch,Open,2024-04-12,
ACC00842,CUST00482,NRI,Chennai Branch,Open,2025-11-24,
ACC00843,CUST00015,NRI,Surat Branch,Open,2024-11-22,
ACC00844,CUST00676,Current,Chandigarh Branch,Open,2025-02-14,
ACC00845,CUST00349,Salary,Kochi Branch,Open,2025-03-01,
ACC00846,CUST00447,Salary,Delhi Branch,Open,2024-02-24,
ACC00847,CUST00347,Savings,Hyderabad Branch,Open,2025-01-15,
ACC00848,CUST00299,Current,Nagpur Branch,Open,2025-04-10,
ACC00849,CUST00444,Savings,Kochi Branch,Open,2020-12-15,
ACC00850,CUST00228,NRI,Chennai Branch,Open,2025-01-28,
ACC00851,CUST00408,Savings,Kolkata Branch,Open,2023-09-10,
ACC00852,CUST00419,NRI,Hyderabad Branch,Open,2025-09-25,
ACC00853,CUST00693,Salary,Kolkata Branch,Open,2025-10-18,
ACC00854,CUST00470,Current,Lucknow Branch,Open,2024-11-08,
ACC00855,CUST00401,Savings,Chennai Branch,Open,2025-11-04,
ACC00856,CUST00401,Current,Chennai Branch,Open,2024-06-25,
ACC00857,CUST00021,Savings,Bhopal Branch,Open,2025-07-19,
ACC00858,CUST00671,Savings,Bhubaneswar Branch,Open,2020-11-21,
ACC00859,CUST00391,NRI,Bhubaneswar Branch,Open,2025-10-25,
ACC00860,CUST00570,Savings,Indore Branch,Open,2023-03-14,
ACC00861,CUST00669,Salary,Kochi Branch,Open,2023-02-06,
ACC00862,CUST00588,Savings,Surat Branch,Open,2024-08-26,
ACC00863,CUST00298,Savings,Ahmedabad Branch,Open,2021-04-15,
ACC00864,CUST00731,Savings,Bhopal Branch,Closed,2021-08-18,2022-11-30
ACC00865,CUST00634,Current,Ahmedabad Branch,Open,2025-09-29,
ACC00866,CUST00701,Current,Indore Branch,Open,2024-12-27,
ACC00867,CUST00255,Current,Patna Branch,Open,2025-09-20,
ACC00868,CUST00548,Current,Ahmedabad Branch,Open,2025-08-25,
ACC00869,CUST00063,NRI,Pune Branch,Open,2025-05-17,
ACC00870,CUST00160,Salary,Raipur Branch,Open,2025-06-23,
ACC00871,CUST00439,NRI,Bengaluru Branch,Open,2025-07-05,
ACC00872,CUST00512,Current,Kolkata Branch,Closed,2025-10-19,2025-11-29
ACC00873,CUST00276,NRI,Raipur Branch,Open,2024-10-03,
ACC00874,CUST00686,Current,Hyderabad Branch,Open,2024-10-11,
ACC00875,CUST00202,NRI,Kolkata Branch,Open,2025-10-29,
ACC00876,CUST00296,Salary,Bhopal Branch,Closed,2022-11-21,2024-04-27
ACC00877,CUST00261,Salary,Chandigarh Branch,Open,2023-09-06,
ACC00878,CUST00191,NRI,Bhopal Branch,Open,2024-11-05,
ACC00879,CUST00686,NRI,Hyderabad Branch,Open,2021-10-10,
ACC00880,CUST00161,Salary,Patna Branch,Open,2021-06-26,
ACC00881,CUST00003,Current,Bhopal Branch,Open,2023-11-12,
ACC00882,CUST00138,Salary,Mumbai Branch,Open,2025-11-28,
ACC00883,CUST00095,NRI,Chandigarh Branch,Open,2025-06-22,
ACC00884,CUST00135,NRI,Chennai Branch,Open,2023-10-27,
ACC00885,CUST00282,Savings,Patna Branch,Open,2023-08-25,
ACC00886,CUST00728,Savings,Pune Branch,Closed,2025-11-06,2025-12-04
ACC00887,CUST00420,Salary,Patna Branch,Open,2022-05-27,
ACC00888,CUST00592,Current,Bhubaneswar Branch,Open,2025-04-07,
ACC00889,CUST00209,Salary,Ahmedabad Branch,Open,2025-03-04,
ACC00890,CUST00785,Salary,Hyderabad Branch,Open,2023-09-26,
ACC00891,CUST00696,Current,Chandigarh Branch,Closed,2024-08-22,2025-10-03
ACC00892,CUST00471,NRI,Hyderabad Branch,Open,2023-11-22,
ACC00893,CUST00750,Current,Kochi Branch,Open,2025-10-09,
ACC00894,CUST00027,Current,Surat Branch,Open,2023-08-30,
ACC00895,CUST00687,Salary,Jaipur Branch,Open,2022-09-29,
ACC00896,CUST00503,NRI,Nagpur Branch,Open,2025-08-24,
ACC00897,CUST00233,Current,Pune Branch,Open,2023-08-26,
ACC00898,CUST00166,Salary,Hyderabad Branch,Open,2025-11-06,
ACC00899,CUST00456,Current,Surat Branch,Open,2024-05-21,
ACC00900,CUST00714,Savings,Patna Branch,Open,2025-09-18,
ACC00901,CUST00108,Salary,Lucknow Branch,Open,2023-09-12,
ACC00902,CUST00483,NRI,Patna Branch,Open,2023-08-03,
ACC00903,CUST00250,Savings,Raipur Branch,Open,2024-09-03,
ACC00904,CUST00614,Salary,Chandigarh Branch,Closed,2025-07-02,2025-08-08
ACC00905,CUST00585,NRI,Lucknow Branch,Open,2022-03-14,
ACC00906,CUST00337,Savings,Patna Branch,Open,2024-06-26,
ACC00907,CUST00587,Current,Chennai Branch,Closed,2025-06-16,2025-07-16
ACC00908,CUST00390,Savings,Chennai Branch,Open,2023-09-05,
ACC00909,CUST00694,NRI,Patna Branch,Open,2025-06-21,
ACC00910,CUST00613,Savings,Kochi Branch,Open,2023-11-23,
ACC00911,CUST00332,Current,Surat Branch,Open,2024-12-09,
ACC00912,CUST00738,Current,Raipur Branch,Open,2024-01-16,
ACC00913,CUST00503,NRI,Nagpur Branch,Open,2025-04-25,
ACC00914,CUST00213,Savings,Hyderabad Branch,Closed,2024-11-22,2024-12-09
ACC00915,CUST00022,Salary,Kolkata Branch,Open,2022-08-14,
ACC00916,CUST00796,Current,Delhi Branch,Open,2024-03-27,
ACC00917,CUST00771,Savings,Chandigarh Branch,Open,2024-01-26,
ACC00918,CUST00680,Savings,Bhopal Branch,Open,2025-11-04,
ACC00919,CUST00083,Salary,Bengaluru Branch,Open,2025-09-26,
ACC00920,CUST00556,NRI,Kochi Branch,Open,2025-02-23,
ACC00921,CUST00367,Current,Patna Branch,Open,2022-07-13,
ACC00922,CUST00473,NRI,Chandigarh Branch,Open,2025-11-07,
ACC00923,CUST00508,NRI,Bengaluru Branch,Open,2025-06-09,
ACC00924,CUST00087,Current,Pune Branch,Open,2022-06-13,
ACC00925,CUST00436,Current,Nagpur Branch,Open,2023-05-07,
ACC00926,CUST00322,Salary,Mumbai Branch,Open,2025-06-25,
ACC00927,CUST00673,Salary,Mumbai Branch,Open,2020-02-15,
ACC00928,CUST00319,Savings,Indore Branch,Open,2025-01-31,
ACC00929,CUST00426,NRI,Raipur Branch,Open,2022-08-04,
ACC00930,CUST00405,Salary,Delhi Branch,Open,2023-02-28,
ACC00931,CUST00697,Salary,Indore Branch,Open,2024-11-15,
ACC00932,CUST00431,Savings,Delhi Branch,Open,2021-11-20,
ACC00933,CUST00184,Current,Bengaluru Branch,Open,2024-10-30,
ACC00934,CUST00301,NRI,Bhubaneswar Branch,Closed,2020-07-25,2025-11-14
ACC00935,CUST00118,NRI,Bhubaneswar Branch,Open,2024-02-07,
ACC00936,CUST00111,Current,Patna Branch,Open,2023-09-08,
ACC00937,CUST00739,Salary,Lucknow Branch,Open,2024-02-07,
ACC00938,CUST00448,Savings,Kochi Branch,Open,2023-03-04,
ACC00939,CUST00368,Savings,Hyderabad Branch,Open,2025-02-05,
ACC00940,CUST00424,Current,Indore Branch,Open,2023-06-30,
ACC00941,CUST00184,Salary,Bengaluru Branch,Closed,2023-08-01,2025-01-23
ACC00942,CUST00379,Savings,Nagpur Branch,Open,2021-04-01,
ACC00943,CUST00306,NRI,Kolkata Branch,Open,2025-01-29,
ACC00944,CUST00663,Current,Jaipur Branch,Open,2022-03-31,
ACC00945,CUST00783,Current,Delhi Branch,Open,2023-09-03,
ACC00946,CUST00573,Salary,Chandigarh Branch,Open,2023-12-01,
ACC00947,CUST00735,Current,Surat Branch,Open,2021-10-05,
ACC00948,CUST00398,Savings,Bhubaneswar Branch,Open,2024-10-28,
ACC00949,CUST00193,Savings,Jaipur Branch,Open,2023-06-02,
ACC00950,CUST00437,Savings,Chandigarh Branch,Open,2023-12-05,
ACC00951,CUST00591,Salary,Chennai Branch,Open,2023-04-07,
ACC00952,CUST00093,Savings,Kolkata Branch,Open,2025-04-16,
ACC00953,CUST00611,Salary,Chandigarh Branch,Open,2024-03-08,
ACC00954,CUST00430,Salary,Nagpur Branch,Open,2024-08-01,
ACC00955,CUST00269,Savings,Hyderabad Branch,Closed,2023-08-14,2024-12-27
ACC00956,CUST00656,NRI,Ahmedabad Branch,Open,2020-12-09,
ACC00957,CUST00692,NRI,Kochi Branch,Open,2021-01-03,
ACC00958,CUST00590,Savings,Kolkata Branch,Open,2023-10-02,
ACC00959,CUST00076,NRI,Raipur Branch,Closed,2024-03-01,2024-12-15
ACC00960,CUST00233,Savings,Pune Branch,Closed,2023-12-31,2024-04-15
ACC00961,CUST00745,NRI,Mumbai Branch,Open,2025-10-11,
ACC00962,CUST00770,Savings,Chandigarh Branch,Open,2020-11-25,
ACC00963,CUST00771,Salary,Chandigarh Branch,Open,2025-03-17,
ACC00964,CUST00779,NRI,Hyderabad Branch,Open,2020-05-07,
ACC00965,CUST00720,Savings,Hyderabad Branch,Open,2024-08-03,
ACC00966,CUST00570,Salary,Indore Branch,Open,2025-11-20,
ACC00967,CUST00732,Salary,Mumbai Branch,Open,2025-01-25,
ACC00968,CUST00704,Salary,Bhubaneswar Branch,Open,2024-10-09,
ACC00969,CUST00575,Salary,Patna Branch,Open,2024-03-20,
ACC00970,CUST00145,Savings,Guwahati Branch,Closed,2024-12-28,2025-04-17
ACC00971,CUST00274,Salary,Bhopal Branch,Closed,2025-03-21,2025-08-29
ACC00972,CUST00663,Salary,Jaipur Branch,Open,2023-01-08,
ACC00973,CUST00125,Current,Indore Branch,Closed,2024-06-30,2024-08-01
ACC00974,CUST00404,NRI,Raipur Branch,Open,2025-03-10,
ACC00975,CUST00146,Current,Kochi Branch,Open,2024-11-26,
ACC00976,CUST00521,Current,Indore Branch,Open,2024-02-02,
ACC00977,CUST00140,Salary,Kolkata Branch,Open,2023-04-04,
ACC00978,CUST00172,Salary,Guwahati Branch,Closed,2023-10-23,2024-08-06
ACC00979,CUST00375,Current,Patna Branch,Open,2024-11-01,
ACC00980,CUST00595,Current,Mumbai Branch,Open,2025-09-03,
ACC00981,CUST00326,Current,Kolkata Branch,Open,2023-10-21,
ACC00982,CUST00427,Salary,Kochi Branch,Closed,2024-10-27,2024-12-18
ACC00983,CUST00477,Current,Jaipur Branch,Open,2025-02-19,
ACC00984,CUST00723,Current,Mumbai Branch,Open,2025-09-06,
ACC00985,CUST00597,Current,Kolkata Branch,Open,2022-10-30,
ACC00986,CUST00273,Savings,Kochi Branch,Open,2025-02-24,
ACC00987,CUST00749,Current,Raipur Branch,Open,2024-08-06,
ACC00988,CUST00581,Salary,Kolkata Branch,Open,2022-05-21,
ACC00989,CUST00019,NRI,Hyderabad Branch,Closed,2024-09-29,2025-03-10
ACC00990,CUST00426,Salary,Raipur Branch,Closed,2023-10-31,2024-11-20
ACC00991,CUST00678,Salary,Bhubaneswar Branch,Open,2024-03-22,
ACC00992,CUST00673,Current,Mumbai Branch,Open,2025-03-29,
ACC00993,CUST00174,Current,Bengaluru Branch,Open,2023-02-25,
ACC00994,CUST00677,Salary,Patna Branch,Open,2023-09-03,
ACC00995,CUST00691,Current,Jaipur Branch,Open,2023-11-15,
ACC00996,CUST00670,Current,Nagpur Branch,Open,2023-04-25,
ACC00997,CUST00286,Salary,Kochi Branch,Open,2020-04-20,
ACC00998,CUST00095,NRI,Chandigarh Branch,Open,2025-08-27,
ACC00999,CUST00547,NRI,Raipur Branch,Open,2023-10-18,
ACC01000,CUST00485,Salary,Bhopal Branch,Open,2024-03-06,
